
{
  "authentication": [
    {
      "question": "Why do I keep getting 'Invalid credentials' errors?",
      "answer": "This usually happens when your broker password has changed or 2FA settings have been modified. Go to the Integrations page and reconnect your account with current credentials.",
      "tags": ["auth", "credentials", "login"],
      "category": "authentication"
    },
    {
      "question": "How often do authentication tokens expire?",
      "answer": "Token expiry varies by broker: TD Ameritrade tokens last 90 days, Interactive Brokers sessions last 24 hours, and prop firm tokens typically last 30-60 days.",
      "tags": ["tokens", "expiry", "refresh"],
      "category": "authentication"
    }
  ],
  "connection": [
    {
      "question": "What should I do if I'm getting connection timeouts?",
      "answer": "Connection timeouts are usually caused by network issues or broker server problems. Try syncing during off-peak hours, check your internet connection, and verify the broker's service status.",
      "tags": ["timeout", "connection", "network"],
      "category": "connection"
    },
    {
      "question": "Why can't TradeSense connect to my broker?",
      "answer": "Common causes include firewall blocking, incorrect API settings, or broker maintenance. Check that API access is enabled in your broker account and that no firewall is blocking the connection.",
      "tags": ["connection", "firewall", "api"],
      "category": "connection"
    }
  ],
  "data_sync": [
    {
      "question": "Why are some of my trades missing?",
      "answer": "Missing trades can occur due to date range limitations, account permissions, or broker API restrictions. Check your sync date range and ensure your account has permission to access trade history.",
      "tags": ["missing trades", "sync", "history"],
      "category": "data_sync"
    },
    {
      "question": "How can I sync trades from multiple accounts?",
      "answer": "You can add multiple integrations for different accounts. Each account connection is managed separately in the Integrations page.",
      "tags": ["multiple accounts", "sync", "accounts"],
      "category": "data_sync"
    }
  ]
}
